City_ID,City,Country,Date,Lat,Lng,Max Temp,Humidity,Cloudiness,Wind Speed
0,Kushima,JP,2022-11-23 19:40:30,31.4583,131.2333,56.44,85,1,5.66
1,Bluff,NZ,2022-11-23 19:34:23,-46.6,168.3333,50.58,79,100,17.52
2,Sinnamary,GF,2022-11-23 19:36:32,5.3833,-52.95,81.0,79,97,10.78
3,Port Macquarie,AU,2022-11-23 19:40:31,-31.4333,152.9167,56.89,64,27,4.14
4,Bua Yai,TH,2022-11-23 19:40:31,15.5855,102.4259,72.99,98,100,4.68
5,Andenes,NO,2022-11-23 19:40:32,69.3143,16.1194,33.78,64,0,13.8
6,Marzuq,YE,2022-11-23 19:40:33,14.4,46.4667,63.25,65,0,2.42
7,Punta Arenas,CL,2022-11-23 19:32:32,-53.15,-70.9167,50.11,57,75,21.85
8,Mataura,NZ,2022-11-23 19:34:01,-46.1927,168.8643,43.43,99,100,7.43
9,Victoria,HK,2022-11-23 19:33:28,22.2855,114.1577,74.17,93,100,17.0
10,Carutapera,BR,2022-11-23 19:40:34,-1.195,-46.02,82.38,72,65,9.35
11,Bentiu,SS,2022-11-23 19:40:34,9.2333,29.8333,81.27,31,41,2.68
12,Nortelandia,BR,2022-11-23 19:40:35,-14.4547,-56.8028,86.81,55,99,4.16
13,Nhamunda,BR,2022-11-23 19:40:35,-2.1861,-56.7131,93.58,41,91,3.13
14,Hobart,AU,2022-11-23 19:37:39,-42.8794,147.3294,59.25,75,75,6.91
15,Barrow,US,2022-11-23 19:33:38,71.2906,-156.7887,8.62,78,100,10.36
16,Antalaha,MG,2022-11-23 19:40:36,-14.9003,50.2788,71.2,92,29,5.59
17,San Andres,CO,2022-11-23 19:40:36,12.5847,-81.7006,82.42,74,20,8.05
18,Saldanha,ZA,2022-11-23 19:40:37,-33.0117,17.9442,62.65,79,100,10.16
19,Orange,US,2022-11-23 19:40:37,33.7,-117.7675,76.66,41,0,3.44
20,Buchanan,LR,2022-11-23 19:40:37,5.8808,-10.0467,79.63,83,95,8.34
21,Busselton,AU,2022-11-23 19:35:52,-33.65,115.3333,58.17,89,100,4.45
22,Alice Springs,AU,2022-11-23 19:40:22,-23.7,133.8833,58.55,100,100,4.61
23,Vaini,TO,2022-11-23 19:35:44,-21.2,-175.2,78.96,83,20,4.61
24,Severo-Kurilsk,RU,2022-11-23 19:39:32,50.6789,156.125,33.75,66,92,19.24
25,Saint-Pierre,RE,2022-11-23 19:40:38,-21.3393,55.4781,79.57,78,0,8.05
26,Castro,BR,2022-11-23 19:40:38,-24.7911,-50.0119,74.88,65,6,4.5
27,Kruisfontein,ZA,2022-11-23 19:40:39,-34.0033,24.7314,63.88,92,27,5.7
28,Hare Bay,CA,2022-11-23 19:40:39,48.8499,-54.0148,33.4,96,100,5.35
29,Zhangjiakou,CN,2022-11-23 19:40:39,40.81,114.8794,36.95,64,46,1.86
30,Salalah,OM,2022-11-23 19:37:06,17.0151,54.0924,77.09,73,20,3.44
31,Waingapu,ID,2022-11-23 19:40:40,-9.6567,120.2641,79.54,79,95,4.32
32,Massakory,TD,2022-11-23 19:40:40,12.996,15.7293,78.64,12,47,9.89
33,Kapaa,US,2022-11-23 19:35:56,22.0752,-159.319,78.78,80,75,10.36
34,Saint-Philippe,RE,2022-11-23 19:35:53,-21.3585,55.7679,74.79,85,32,8.9
35,Albany,US,2022-11-23 19:31:29,42.6001,-73.9662,47.68,55,38,8.86
36,Carnarvon,AU,2022-11-23 19:40:41,-24.8667,113.6333,68.31,76,0,13.53
37,Cape Town,ZA,2022-11-23 19:34:39,-33.9258,18.4232,64.27,82,40,14.97
38,Vila Velha,BR,2022-11-23 19:35:20,-20.3297,-40.2925,78.75,84,75,10.36
39,Bredasdorp,ZA,2022-11-23 19:39:42,-34.5322,20.0403,64.63,61,100,16.91
40,New Norfolk,AU,2022-11-23 19:37:08,-42.7826,147.0587,58.91,66,100,1.99
41,Lima,PE,2022-11-23 19:39:38,-12.0432,-77.0282,70.05,64,0,17.27
42,Port Alfred,ZA,2022-11-23 19:35:56,-33.5906,26.891,67.17,89,21,8.01
43,Oktyabrskiy,RU,2022-11-23 19:40:42,54.4815,53.471,34.3,98,100,10.38
44,Mahebourg,MU,2022-11-23 19:40:08,-20.4081,57.7,76.24,83,40,8.05
45,Tuktoyaktuk,CA,2022-11-23 19:35:47,69.4541,-133.0374,6.8,85,100,4.61
46,Berlevag,NO,2022-11-23 19:38:13,70.8578,29.0864,23.0,68,10,12.66
47,Pevek,RU,2022-11-23 19:35:52,69.7008,170.3133,-30.01,99,54,2.37
48,Rocha,UY,2022-11-23 19:41:43,-34.4833,-54.3333,75.85,44,3,4.79
49,Lorengau,PG,2022-11-23 19:41:44,-2.0226,147.2712,81.88,75,18,8.46
50,Port Elizabeth,ZA,2022-11-23 19:32:18,-33.918,25.5701,66.49,77,0,16.11
51,Kaffrine,SN,2022-11-23 19:41:44,14.1059,-15.5508,81.3,16,100,8.12
52,Hermanus,ZA,2022-11-23 19:35:07,-34.4187,19.2345,66.79,75,100,19.89
53,Qaanaaq,GL,2022-11-23 19:34:07,77.484,-69.3632,16.45,88,95,2.39
54,Cherskiy,RU,2022-11-23 19:41:45,68.75,161.3,-26.79,97,98,2.08
55,Ushuaia,AR,2022-11-23 19:34:27,-54.8,-68.3,53.22,61,75,24.16
56,Ponta Do Sol,PT,2022-11-23 19:37:19,32.6667,-17.1,70.0,71,90,2.01
57,Ullapool,GB,2022-11-23 19:41:46,57.8987,-5.1604,40.37,88,51,7.52
58,Yar-Sale,RU,2022-11-23 19:41:46,66.8333,70.8333,-11.07,100,89,5.79
59,Mar Del Plata,AR,2022-11-23 19:37:10,-38.0023,-57.5575,87.84,32,0,19.57
60,Mayo,US,2022-11-23 19:41:47,38.8876,-76.5119,63.01,33,0,5.75
61,Rikitea,PF,2022-11-23 19:35:48,-23.1203,-134.9692,73.98,79,100,6.73
62,Arraial Do Cabo,BR,2022-11-23 19:35:49,-22.9661,-42.0278,82.36,69,20,21.85
63,Chuncheng,CN,2022-11-23 19:41:47,22.1731,111.7886,71.11,96,100,3.53
64,Saint George,US,2022-11-23 19:33:41,37.1041,-113.5841,45.19,31,0,4.61
65,Saint-Joseph,RE,2022-11-23 19:41:48,-21.3667,55.6167,78.48,83,25,8.46
66,Mount Isa,AU,2022-11-23 19:41:48,-20.7333,139.5,73.17,33,64,2.3
67,Khatanga,RU,2022-11-23 19:34:05,71.9667,102.5,-41.19,100,57,1.57
68,Puerto Ayora,EC,2022-11-23 19:39:40,-0.7393,-90.3518,80.56,90,77,7.0
69,Bilma,NE,2022-11-23 19:41:49,18.6853,12.9164,70.05,18,96,9.48
70,Jamestown,US,2022-11-23 19:34:50,42.097,-79.2353,49.51,42,0,0.0
71,Samarai,PG,2022-11-23 19:41:49,-10.6167,150.6667,83.59,74,0,15.05
72,Hamilton,US,2022-11-23 19:41:46,39.1834,-84.5333,59.76,36,0,3.44
73,Cartagena,CO,2022-11-23 19:41:37,10.3997,-75.5144,83.82,79,75,5.75
74,Aklavik,CA,2022-11-23 19:38:24,68.2191,-135.0107,9.41,96,100,7.92
75,Yerbogachen,RU,2022-11-23 19:41:50,61.2767,108.0108,-6.47,96,100,7.54
76,La Ronge,CA,2022-11-23 19:41:50,55.1001,-105.2842,37.65,60,75,5.75
77,Guayaramerin,BO,2022-11-23 19:41:51,-10.8368,-65.3614,86.05,62,75,4.61
78,Avarua,CK,2022-11-23 19:35:51,-21.2078,-159.775,77.05,78,75,12.66
79,Port Lincoln,AU,2022-11-23 19:41:51,-34.7333,135.8667,55.47,78,86,5.28
80,Ontario,US,2022-11-23 19:41:51,34.0633,-117.6509,76.28,20,75,4.61
81,Dikson,RU,2022-11-23 19:41:52,73.5069,80.5464,-21.75,98,82,10.16
82,Hithadhoo,MV,2022-11-23 19:38:18,-0.6,73.0833,80.58,79,100,12.91
83,Sistranda,NO,2022-11-23 19:41:52,63.7256,8.834,37.36,60,9,23.62
84,Ivanteyevka,RU,2022-11-23 19:41:53,55.9711,37.9208,28.06,96,100,5.64
85,Labuhan,ID,2022-11-23 19:41:53,-6.8844,112.2051,79.0,83,90,6.96
86,Mmathubudukwane,BW,2022-11-23 19:41:53,-24.6,26.4333,84.02,23,99,6.35
87,Rio Pardo,BR,2022-11-23 19:41:54,-29.9897,-52.3781,79.43,43,4,4.38
88,Moerai,PF,2022-11-23 19:41:54,-22.4333,-151.3333,73.72,66,83,15.32
89,Staritsa,RU,2022-11-23 19:42:54,56.5075,34.9354,25.23,97,100,5.68
90,Tarbes,FR,2022-11-23 19:42:55,43.25,0.1667,51.91,81,100,5.75
91,Kodiak,US,2022-11-23 19:42:55,57.79,-152.4072,27.91,59,100,6.91
92,Palana,RU,2022-11-23 19:42:55,59.1167,159.9667,18.46,93,100,11.25
93,Aden,YE,2022-11-23 19:42:56,12.7794,45.0367,79.36,74,0,14.5
94,Provideniya,RU,2022-11-23 19:39:30,64.3833,-173.3,13.01,75,100,7.09
95,Ketchikan,US,2022-11-23 19:42:56,55.3422,-131.6461,43.27,87,100,37.98
96,Bathsheba,BB,2022-11-23 19:42:57,13.2167,-59.5167,83.01,78,40,19.57
97,Kalabo,ZM,2022-11-23 19:42:57,-14.97,22.6814,70.52,84,100,0.94
98,Santa Maria,BR,2022-11-23 19:42:57,-29.6842,-53.8069,78.1,41,0,4.61
99,Saskylakh,RU,2022-11-23 19:42:58,71.9167,114.0833,-37.28,100,84,2.26
100,Bethel,US,2022-11-23 19:35:48,41.3712,-73.414,54.01,41,0,1.99
101,Beloha,MG,2022-11-23 19:42:59,-25.1667,45.05,73.26,84,67,12.41
102,Ilulissat,GL,2022-11-23 19:42:59,69.2167,-51.1,17.62,93,75,0.0
103,Longyearbyen,SJ,2022-11-23 19:39:41,78.2186,15.6401,33.64,75,75,9.22
104,Lagoa,PT,2022-11-23 19:42:59,39.05,-27.9833,62.26,74,95,22.73
105,Karratha,AU,2022-11-23 19:43:00,-20.7377,116.8463,77.99,57,73,5.14
106,Cabo San Lucas,MX,2022-11-23 19:33:29,22.8909,-109.9124,80.51,60,20,4.61
107,Biloela,AU,2022-11-23 19:43:00,-24.4167,150.5,71.02,38,98,4.79
108,Padang,ID,2022-11-23 19:41:03,-0.9492,100.3543,75.83,88,100,2.48
109,Narsaq,GL,2022-11-23 19:43:01,60.9167,-46.05,41.22,65,100,12.44
110,Mallaig,CA,2022-11-23 19:43:01,54.2169,-111.3685,35.38,84,4,9.53
111,Susangerd,IR,2022-11-23 19:43:02,31.5608,48.1831,71.55,34,88,1.36
112,Namatanai,PG,2022-11-23 19:43:02,-3.6667,152.4333,78.91,78,98,6.78
113,Puri,IN,2022-11-23 19:43:03,19.8,85.85,68.52,68,57,5.55
114,Coquimbo,CL,2022-11-23 19:43:03,-29.9533,-71.3436,65.93,68,40,11.5
115,Bilibino,RU,2022-11-23 19:40:07,68.0546,166.4372,-15.77,93,100,6.49
116,Atuona,PF,2022-11-23 19:34:48,-9.8,-139.0333,78.24,75,12,15.75
117,Cascais,PT,2022-11-23 19:43:04,38.6979,-9.4215,64.51,93,75,5.01
118,Kadyy,RU,2022-11-23 19:43:05,57.787,43.1903,21.76,89,100,9.24
119,Souillac,MU,2022-11-23 19:43:06,-20.5167,57.5167,75.58,83,40,8.05
120,Waipawa,NZ,2022-11-23 19:43:06,-41.4122,175.5153,57.38,64,0,18.54
121,Ishigaki,JP,2022-11-23 19:43:07,24.3448,124.1572,71.73,88,75,12.66
122,Shu,KZ,2022-11-23 19:43:07,43.5983,73.7614,41.25,89,100,5.88
123,Thompson,CA,2022-11-23 19:37:06,55.7435,-97.8558,30.36,93,75,6.91
124,Upernavik,GL,2022-11-23 19:38:21,72.7868,-56.1549,21.65,89,93,11.32
125,Mount Gambier,AU,2022-11-23 19:37:12,-37.8333,140.7667,53.67,69,99,4.94
126,Laguna,US,2022-11-23 19:39:09,38.421,-121.4238,64.29,55,0,6.91
127,Santa Fe,AR,2022-11-23 19:43:01,-31.6333,-60.7,92.01,23,4,8.01
128,La Palma,US,2022-11-23 19:43:08,33.8464,-118.0467,76.1,47,20,3.44
129,Iqaluit,CA,2022-11-23 19:43:09,63.7506,-68.5145,1.13,84,20,13.8
130,Airai,TL,2022-11-23 19:43:09,-8.9266,125.4092,61.99,86,100,1.01
131,Coihaique,CL,2022-11-23 19:37:00,-45.5752,-72.0662,59.61,71,100,8.05
132,Nanortalik,GL,2022-11-23 19:43:10,60.1432,-45.2371,30.96,74,100,11.63
133,Rock Sound,BS,2022-11-23 19:43:11,24.9,-76.2,81.1,75,6,8.52
134,Sorong,ID,2022-11-23 19:43:11,-0.8833,131.25,79.2,82,100,5.91
135,Tiksi,RU,2022-11-23 19:36:36,71.6872,128.8694,-25.28,100,100,4.03
136,Vanavara,RU,2022-11-23 19:44:11,60.34,102.2797,-3.93,98,100,3.98
137,Tessalit,ML,2022-11-23 19:44:12,20.1986,1.0114,73.69,13,100,10.4
138,Pak Phanang,TH,2022-11-23 19:44:12,8.3511,100.202,76.62,89,98,6.8
139,Harper,LR,2022-11-23 19:44:13,4.375,-7.7169,78.76,84,36,8.37
140,Rantepao,ID,2022-11-23 19:44:13,-2.9701,119.8978,66.88,95,100,2.64
141,Ancud,CL,2022-11-23 19:44:14,-41.8697,-73.8203,55.29,97,100,12.17
142,Nikolskoye,RU,2022-11-23 19:34:19,59.7035,30.7861,24.69,81,82,4.88
143,Presidente Franco,PY,2022-11-23 19:39:35,-25.5333,-54.6167,82.92,41,0,6.91
144,Bengkulu,ID,2022-11-23 19:38:25,-3.8004,102.2655,74.53,90,99,6.24
145,Wattegama,LK,2022-11-23 19:44:15,6.7989,81.4808,73.53,92,89,2.59
146,Ende,ID,2022-11-23 19:44:16,-8.8432,121.6623,77.56,76,100,2.89
147,Matamoros,MX,2022-11-23 19:44:17,25.5333,-103.25,75.11,42,10,1.16
148,Alofi,NU,2022-11-23 19:44:17,-19.0595,-169.9187,80.49,74,12,11.5
149,Bagdarin,RU,2022-11-23 19:44:18,54.4333,113.6,1.9,96,100,2.19
150,Grand Gaube,MU,2022-11-23 19:44:18,-20.0064,57.6608,76.37,70,0,1.99
151,Yamada,JP,2022-11-23 19:44:19,39.4667,141.95,51.28,93,100,10.18
152,Ballina,AU,2022-11-23 19:44:19,-28.8667,153.5667,62.78,75,99,6.2
153,Altea,ES,2022-11-23 19:44:19,38.5989,-0.0514,70.38,69,0,10.83
154,Bambous Virieux,MU,2022-11-23 19:37:08,-20.3428,57.7575,76.21,83,40,8.05
155,Yulara,AU,2022-11-23 19:44:20,-25.2406,130.9889,59.94,85,0,5.17
156,Sarangani,PH,2022-11-23 19:44:20,5.4033,125.4636,80.82,79,94,9.66
157,Sao Joao Da Barra,BR,2022-11-23 19:44:21,-21.6403,-41.0511,80.69,84,100,14.63
158,Vila Franca Do Campo,PT,2022-11-23 19:37:45,37.7167,-25.4333,61.21,86,100,14.16
159,Sabang,ID,2022-11-23 19:44:21,5.8933,95.3214,80.67,77,96,16.2
160,Kahului,US,2022-11-23 19:35:49,20.8947,-156.47,78.84,70,20,14.97
161,Miracema Do Tocantins,BR,2022-11-23 19:44:22,-9.5618,-48.3967,72.97,94,100,3.71
162,Deputatskiy,RU,2022-11-23 19:44:23,69.3,139.9,-30.24,99,97,1.97
163,Fortuna,US,2022-11-23 19:38:20,40.5982,-124.1573,60.93,78,0,3.0
164,Muroto,JP,2022-11-23 19:44:23,33.2833,134.15,62.11,66,100,8.43
165,Aleksandrovskoye,RU,2022-11-23 19:44:24,44.7142,43.0008,44.56,94,68,6.02
166,Torbay,CA,2022-11-23 19:44:24,47.6666,-52.7314,35.76,92,100,16.11
167,Sangar,RU,2022-11-23 19:44:25,63.9242,127.4739,-23.73,98,95,2.91
168,Savannah Bight,HN,2022-11-23 19:44:25,16.45,-85.85,80.47,73,22,2.06
169,Hualmay,PE,2022-11-23 19:44:19,-11.0964,-77.6139,70.7,74,14,8.9
170,San Cristobal,VE,2022-11-23 19:44:26,7.7669,-72.225,77.18,87,87,1.25
171,Pangnirtung,CA,2022-11-23 19:38:38,66.1451,-65.7125,5.0,72,20,5.75
172,Yumen,CN,2022-11-23 19:44:26,40.2833,97.2,36.82,33,45,20.07
173,Nome,US,2022-11-23 19:44:27,64.5011,-165.4064,6.87,85,0,4.61
174,Maniitsoq,GL,2022-11-23 19:44:27,65.4167,-52.9,29.82,55,24,8.32
175,Keti Bandar,PK,2022-11-23 19:44:28,24.1447,67.4497,76.5,49,2,7.47
176,Havoysund,NO,2022-11-23 19:44:28,70.9963,24.6622,28.63,62,0,8.37
177,Shirgaon,IN,2022-11-23 19:44:28,19.7,72.7,72.21,47,85,8.75
178,Hoquiam,US,2022-11-23 19:44:29,46.9809,-123.8893,51.93,90,75,8.05
179,Lebu,CL,2022-11-23 19:35:17,-37.6167,-73.65,61.99,80,3,15.3
180,Vanimo,PG,2022-11-23 19:44:29,-2.6741,141.3028,76.77,90,100,4.52
181,Sumbuya,SL,2022-11-23 19:44:30,7.6467,-11.9611,77.65,84,100,2.3
182,Edgewater,US,2022-11-23 19:45:30,28.9889,-80.9023,76.03,88,100,13.8
183,Mortka,RU,2022-11-23 19:45:30,59.3322,66.0214,-6.34,94,5,4.65
184,Georgetown,MY,2022-11-23 19:35:43,5.4112,100.3354,80.53,96,40,6.91
185,Chokurdakh,RU,2022-11-23 19:45:31,70.6333,147.9167,-28.12,100,68,6.58
186,Tual,ID,2022-11-23 19:45:31,-5.6667,132.75,80.85,80,100,7.63
187,Tambovka,RU,2022-11-23 19:45:32,50.0969,128.0489,-13.52,100,74,2.64
188,Yichun,CN,2022-11-23 19:45:32,47.7,128.9,4.73,99,70,0.4
189,Yellowknife,CA,2022-11-23 19:32:00,62.456,-114.3525,21.72,93,100,8.05
190,Port Hardy,CA,2022-11-23 19:45:33,50.6996,-127.4199,46.58,87,100,24.16
191,Tenri,JP,2022-11-23 19:45:33,34.5833,135.8333,55.99,80,86,9.08
192,Cidreira,BR,2022-11-23 19:39:30,-30.1811,-50.2056,68.11,72,99,10.76
193,Pedernales,DO,2022-11-23 19:45:33,18.0384,-71.744,84.83,58,1,3.89
194,Hilo,US,2022-11-23 19:36:21,19.7297,-155.09,78.12,75,20,5.99
195,Nizhniy Kuranakh,RU,2022-11-23 19:45:34,58.8353,125.4869,-3.23,99,100,1.95
196,Lompoc,US,2022-11-23 19:45:01,34.6391,-120.4579,76.84,38,75,9.22
197,Quatre Cocos,MU,2022-11-23 19:45:35,-20.2078,57.7625,76.08,77,16,9.93
198,Tambura,SS,2022-11-23 19:45:35,5.6,27.4667,74.75,69,57,3.62
199,San Antonio,US,2022-11-23 19:43:40,29.4241,-98.4936,62.87,87,100,5.75
200,Kaitangata,NZ,2022-11-23 19:39:38,-46.2817,169.8464,49.77,73,90,12.53
201,Sarakhs,IR,2022-11-23 19:45:36,36.5449,61.1577,59.18,24,1,6.29
202,Pendleton,US,2022-11-23 19:43:15,45.6721,-118.7886,52.61,61,0,5.99
203,Tambopata,PE,2022-11-23 19:45:36,-12.7333,-69.1833,85.89,74,40,4.61
204,Lodwar,KE,2022-11-23 19:45:37,3.1191,35.5973,83.7,43,12,12.41
205,Dembi Dolo,ET,2022-11-23 19:45:37,8.5333,34.8,59.49,75,33,3.53
206,Namibe,AO,2022-11-23 19:44:44,-15.1961,12.1522,74.17,73,49,9.69
207,Itaqui,BR,2022-11-23 19:45:38,-29.1253,-56.5531,80.87,30,5,5.55
208,Cayenne,GF,2022-11-23 19:41:20,4.9333,-52.3333,80.64,83,75,1.14
209,Taltal,CL,2022-11-23 19:45:38,-25.4,-70.4833,67.48,71,23,4.43
210,Hofn,IS,2022-11-23 19:45:38,64.2539,-15.2082,40.3,80,100,20.4
211,Kirakira,SB,2022-11-23 19:45:39,-10.4544,161.9205,80.91,82,87,6.42
212,Klaksvik,FO,2022-11-23 19:45:39,62.2266,-6.589,47.32,87,100,37.33
213,Caravelas,BR,2022-11-23 19:45:39,-17.7125,-39.2481,76.86,78,100,7.05
214,Solnechnyy,RU,2022-11-23 19:45:40,50.7214,136.6319,9.45,89,10,0.87
215,George,ZA,2022-11-23 19:45:40,-33.963,22.4617,61.84,79,11,3.8
216,Kankan,GN,2022-11-23 19:45:41,10.3854,-9.3057,77.41,26,34,2.44
217,Sola,VU,2022-11-23 19:45:41,-13.8833,167.55,82.35,71,27,10.74
218,Ibra,OM,2022-11-23 19:45:41,22.6906,58.5334,70.54,60,49,3.76
219,Egvekinot,RU,2022-11-23 19:45:42,66.3167,-179.1667,1.47,86,100,9.93
220,Usinsk,RU,2022-11-23 19:45:42,65.9939,57.5281,2.08,97,98,7.74
221,Gornopravdinsk,RU,2022-11-23 19:45:42,60.05,69.9,-8.28,94,66,6.24
222,Ulety,RU,2022-11-23 19:45:43,51.3572,112.4849,6.8,96,100,1.63
223,Hasaki,JP,2022-11-23 19:37:04,35.7333,140.8333,52.21,71,52,22.26
224,Rosetown,CA,2022-11-23 19:45:43,51.5501,-108.0014,35.65,69,100,11.5
225,Manicore,BR,2022-11-23 19:45:43,-5.8092,-61.3003,84.15,74,20,6.91
226,Ilebo,CD,2022-11-23 19:45:44,-4.3167,20.5833,72.43,83,9,0.96
227,Huarmey,PE,2022-11-23 19:45:44,-10.0681,-78.1522,71.04,75,18,9.4
228,Porto Velho,BR,2022-11-23 19:45:27,-8.7619,-63.9039,84.25,70,75,2.3
229,Chagoda,RU,2022-11-23 19:46:45,59.164,35.3285,18.75,94,95,6.2
230,Porto Novo,BJ,2022-11-23 19:46:45,6.4965,2.6036,82.22,78,4,6.15
231,Mahibadhoo,MV,2022-11-23 19:46:46,3.7833,72.9667,81.7,76,100,17.16
232,Medicine Hat,CA,2022-11-23 19:46:46,50.0501,-110.6683,38.21,83,40,9.22
233,Martil,MA,2022-11-23 19:46:00,35.6166,-5.2752,66.16,72,40,10.36
234,Hambantota,LK,2022-11-23 19:36:45,6.1241,81.1185,76.39,80,100,6.89
235,Mildura,AU,2022-11-23 19:46:47,-34.2,142.15,50.07,85,0,6.93
236,Tres Arroyos,AR,2022-11-23 19:45:57,-38.3739,-60.2798,79.23,31,0,17.25
237,Dingle,PH,2022-11-23 19:46:47,10.9995,122.6711,75.85,94,100,6.69
238,Brae,GB,2022-11-23 19:46:48,60.3964,-1.353,48.34,85,100,30.62
239,Ostrovnoy,RU,2022-11-23 19:46:48,68.0531,39.5131,30.47,86,100,4.81
240,Constitucion,CL,2022-11-23 19:46:48,-35.3333,-72.4167,68.86,64,27,20.49
241,Verkhnevilyuysk,RU,2022-11-23 19:46:49,63.4453,120.3167,-32.37,100,100,2.15
242,Palmer,US,2022-11-23 19:38:21,42.1584,-72.3287,50.41,40,40,5.01
243,Baruun-Urt,MN,2022-11-23 19:46:49,46.6806,113.2792,21.61,72,100,3.69
244,Truth Or Consequences,US,2022-11-23 19:46:50,33.1284,-107.2528,59.92,35,0,6.91
245,Udalguri,IN,2022-11-23 19:46:50,26.7667,92.1333,61.3,67,0,4.0
246,Ribeira Grande,PT,2022-11-23 19:46:50,38.5167,-28.7,63.77,72,20,19.57
247,Severnyy,RU,2022-11-23 19:46:51,50.677,36.5532,28.44,93,100,8.95
248,Dakar,SN,2022-11-23 19:42:39,14.6937,-17.4441,81.48,57,0,6.91
249,Huilong,CN,2022-11-23 19:46:51,31.8111,121.655,53.92,72,95,4.72
250,Chiredzi,ZW,2022-11-23 19:46:52,-21.05,31.6667,75.9,38,24,6.42
251,Yumbing,PH,2022-11-23 19:46:52,9.2393,124.6578,81.19,79,100,9.53
252,Faanui,PF,2022-11-23 19:46:52,-16.4833,-151.75,78.84,77,96,7.7
253,Rovaniemi,FI,2022-11-23 19:46:53,66.5,25.7167,26.01,93,100,10.36
254,Guerrero Negro,MX,2022-11-23 19:46:53,27.9769,-114.0611,71.94,32,3,8.16
255,Diedorf,DE,2022-11-23 19:46:54,48.35,10.7667,41.92,82,0,14.97
256,Forio,IT,2022-11-23 19:46:54,40.7342,13.8646,56.93,50,7,8.03
257,Fare,PF,2022-11-23 19:37:01,-16.7,-151.0167,78.55,77,72,7.45
258,Merauke,ID,2022-11-23 19:46:54,-8.4667,140.3333,76.89,91,100,11.56
259,Leningradskiy,RU,2022-11-23 19:34:43,69.3833,178.4167,-18.92,97,100,3.33
260,Whitianga,NZ,2022-11-23 19:46:55,-36.8333,175.7,60.21,84,76,17.65
261,Aksu,CN,2022-11-23 19:46:55,41.1231,80.2644,36.52,32,1,0.72
262,Khorinsk,RU,2022-11-23 19:46:56,52.1657,109.7726,10.6,93,100,1.77
263,Saint-Augustin,CA,2022-11-23 19:46:56,51.226,-58.6502,8.74,85,100,7.16
264,Xifeng,CN,2022-11-23 19:46:56,42.7372,124.7222,32.18,84,100,1.74
265,Leh,IN,2022-11-23 19:46:57,34.1667,77.5833,11.08,46,0,3.69
266,Cockburn Town,TC,2022-11-23 19:42:25,21.4612,-71.1419,81.27,77,10,17.31
267,Dhidhdhoo,MV,2022-11-23 19:46:57,6.8833,73.1,81.48,71,67,14.45
268,Golden,US,2022-11-23 19:44:19,39.7555,-105.2211,51.71,19,100,13.0
269,Sitka,US,2022-11-23 19:46:58,57.0531,-135.33,44.49,70,100,28.77
270,Batagay,RU,2022-11-23 19:46:58,67.6333,134.6333,-42.74,99,66,2.13
271,Beaverlodge,CA,2022-11-23 19:46:58,55.2166,-119.4361,36.75,69,98,13.42
272,Naberera,TZ,2022-11-23 19:46:59,-4.2,36.9333,64.99,82,95,10.74
273,Tazovskiy,RU,2022-11-23 19:47:59,67.4667,78.7,-32.31,99,21,5.01
274,Vardo,NO,2022-11-23 19:48:00,70.3705,31.1107,19.38,86,0,27.63
275,Pisco,PE,2022-11-23 19:48:00,-13.7,-76.2167,75.25,69,0,12.66
276,Lamu,KE,2022-11-23 19:48:01,-2.2717,40.902,78.51,83,100,7.96
277,Comarapa,BO,2022-11-23 19:48:01,-17.9,-64.4833,66.51,57,91,6.46
278,Valleyview,CA,2022-11-23 19:45:18,55.0667,-117.2859,35.64,60,36,5.75
279,Henties Bay,NA,2022-11-23 19:48:02,-22.116,14.2845,62.26,78,1,11.79
280,Camacha,PT,2022-11-23 19:48:03,33.0833,-16.3333,65.62,64,75,4.61
281,Labrea,BR,2022-11-23 19:48:03,-7.2586,-64.7981,76.3,85,100,1.1
282,Butaritari,KI,2022-11-23 19:48:04,3.0707,172.7902,80.73,74,100,7.61
283,Geraldton,AU,2022-11-23 19:47:32,-28.7667,114.6,57.61,88,100,6.91
284,Caiaponia,BR,2022-11-23 19:48:04,-16.9567,-51.8103,73.76,81,100,3.98
285,Coahuayana,MX,2022-11-23 19:48:05,18.7333,-103.6833,88.95,51,79,6.46
286,Garissa,KE,2022-11-23 19:48:05,-0.4536,39.6401,79.75,72,77,9.73
287,Tallahassee,US,2022-11-23 19:48:06,30.4383,-84.2807,77.68,70,0,4.61
288,Baghdad,IQ,2022-11-23 19:48:07,33.3406,44.4009,62.51,63,0,1.14
289,Esperance,AU,2022-11-23 19:48:07,-33.8667,121.9,70.29,43,95,20.87
290,Almaznyy,RU,2022-11-23 19:48:08,48.0448,40.045,34.11,82,1,4.61
291,Kavaratti,IN,2022-11-23 19:48:08,10.5669,72.642,80.1,72,72,7.81
292,Calbuco,CL,2022-11-23 19:48:09,-41.768,-73.1273,65.41,87,100,7.76
293,Westport,US,2022-11-23 19:43:26,41.1415,-73.3579,56.17,37,0,11.5
294,Kazachinskoye,RU,2022-11-23 19:48:10,57.6953,93.2761,-4.38,88,100,10.87
295,Salym,RU,2022-11-23 19:48:10,60.0625,71.4789,-4.88,88,99,7.99
296,Ornskoldsvik,SE,2022-11-23 19:48:10,63.2909,18.7153,20.35,100,100,8.05
297,Port Blair,IN,2022-11-23 19:39:43,11.6667,92.75,78.84,89,75,2.3
298,Saurimo,AO,2022-11-23 19:48:11,-9.6608,20.3916,64.99,95,61,2.71
299,Broken Hill,AU,2022-11-23 19:46:04,-31.95,141.4333,59.05,62,5,8.77
300,Olinda,BR,2022-11-23 19:43:36,-8.0089,-34.8553,82.13,65,20,8.05
301,Sakakah,SA,2022-11-23 19:48:13,29.9697,40.2064,69.37,43,18,7.87
302,Komsomolskiy,UZ,2022-11-23 19:48:13,40.4272,71.7189,39.92,87,64,4.61
303,Kiunga,PG,2022-11-23 19:48:13,-6.1219,141.2906,70.34,100,100,1.74
304,Natalio,PY,2022-11-23 19:48:14,-26.7167,-55.0833,78.82,39,0,4.9
305,Jalu,LY,2022-11-23 19:48:14,29.0331,21.5482,61.0,34,0,8.97
306,Toul,FR,2022-11-23 19:48:15,48.6667,5.9167,47.79,90,75,10.36
307,Kurilsk,RU,2022-11-23 19:48:15,45.2333,147.8833,37.22,72,100,7.07
308,Ati,TD,2022-11-23 19:48:16,13.2154,18.3353,79.21,17,34,10.49
309,Dayong,CN,2022-11-23 19:48:16,25.0209,118.2898,64.26,93,89,1.19
310,Beringovskiy,RU,2022-11-23 19:38:26,63.05,179.3167,27.37,96,100,31.36
311,Kavieng,PG,2022-11-23 19:48:17,-2.5744,150.7967,81.84,67,15,12.1
312,Whitehorse,CA,2022-11-23 19:48:17,60.7161,-135.0538,30.97,81,75,17.27
313,Santiago Del Estero,AR,2022-11-23 19:46:22,-27.7951,-64.2615,93.24,21,0,5.37
314,Norman Wells,CA,2022-11-23 19:48:18,65.282,-126.8329,14.04,92,75,2.3
315,Lengshuitan,CN,2022-11-23 19:48:19,26.4111,111.5956,59.63,83,100,4.05
316,Auriflama,BR,2022-11-23 19:48:19,-20.6856,-50.5547,86.38,43,88,8.84
317,Tiarei,PF,2022-11-23 19:49:20,-17.5333,-149.3333,82.42,83,98,14.88
318,Maiduguri,NG,2022-11-23 19:49:20,11.8464,13.1603,73.27,17,10,8.84
319,Labytnangi,RU,2022-11-23 19:49:20,66.6572,66.4183,-3.66,91,19,4.88
320,Aviles,ES,2022-11-23 19:49:21,43.5547,-5.9248,58.39,54,75,10.36
321,Gubkinskiy,RU,2022-11-23 19:49:21,64.434,76.5026,-13.29,100,78,4.05
322,Dubbo,AU,2022-11-23 19:49:22,-32.25,148.6167,50.13,93,0,0.0
323,Nara,JP,2022-11-23 19:48:48,34.6851,135.8049,55.9,70,70,9.42
324,San Pedro,PH,2022-11-23 19:49:23,14.35,121.0167,80.31,83,20,2.3
325,Maine-Soroa,NE,2022-11-23 19:49:23,13.2114,12.0241,73.98,14,49,9.42
326,Emba,KZ,2022-11-23 19:49:24,48.8264,58.1442,38.1,93,89,15.28
327,Puerto Escondido,MX,2022-11-23 19:49:24,15.85,-97.0667,85.19,62,25,6.08
328,Luderitz,NA,2022-11-23 19:49:25,-26.6481,15.1594,61.97,81,0,11.14
329,Niquero,CU,2022-11-23 19:49:25,20.0431,-77.5828,83.21,70,98,1.88
330,Bonthe,SL,2022-11-23 19:49:26,7.5264,-12.505,80.73,74,100,3.27
331,Kasongo-Lunda,CD,2022-11-23 19:49:27,-6.4667,16.8167,69.53,96,53,0.11
332,Kljuc,BA,2022-11-23 19:49:27,44.535,16.7722,39.42,95,100,1.5
333,Zwedru,LR,2022-11-23 19:49:27,6.0667,-8.1281,79.03,67,82,2.3
334,Greenville,US,2022-11-23 19:45:44,35.6127,-77.3663,68.16,27,0,4.61
335,Filadelfia,US,2022-11-23 19:46:03,39.9523,-75.1638,59.05,33,0,9.22
336,Minden,DE,2022-11-23 19:49:28,52.2833,8.9167,46.62,72,75,12.66
337,San Patricio,US,2022-11-23 19:49:29,28.017,-97.5169,68.72,84,90,10.04
338,Kapit,MY,2022-11-23 19:49:29,2.0167,112.9333,73.96,100,100,0.96
339,Manta,EC,2022-11-23 19:49:30,-0.95,-80.7333,76.78,83,75,8.05
340,Mitsamiouli,KM,2022-11-23 19:49:30,-11.3847,43.2844,78.94,81,2,11.39
341,Meulaboh,ID,2022-11-23 19:49:30,4.1363,96.1285,74.89,88,55,3.56
342,Azangaro,PE,2022-11-23 19:49:31,-14.9167,-70.2167,65.19,20,94,17.83
343,Araguacu,BR,2022-11-23 19:49:32,-12.9306,-49.8264,80.64,72,97,4.29
344,Vilyuysk,RU,2022-11-23 19:49:32,63.7553,121.6247,-31.36,100,100,1.41
345,Sunrise Manor,US,2022-11-23 19:49:32,36.2111,-115.0731,65.25,20,0,0.0
346,Seoul,KR,2022-11-23 19:49:33,37.5683,126.9778,44.04,81,40,1.14
347,Vao,NC,2022-11-23 19:39:38,-22.6667,167.4833,75.24,83,91,9.91
348,Yakeshi,CN,2022-11-23 19:49:33,49.2833,120.7333,-3.3,95,50,5.55
349,Beyneu,KZ,2022-11-23 19:49:34,45.3167,55.2,47.32,75,2,11.03
350,Grindavik,IS,2022-11-23 19:49:34,63.8424,-22.4338,40.95,70,0,24.16
351,Goma,CD,2022-11-23 19:49:34,-1.6792,29.2228,63.54,90,78,2.95
352,Chuy,UY,2022-11-23 19:49:35,-33.6971,-53.4616,71.24,47,0,6.04
353,Roald,NO,2022-11-23 19:49:35,62.5833,6.1333,44.74,49,0,16.11
354,Viedma,AR,2022-11-23 19:49:36,-40.8135,-62.9967,85.08,23,12,9.84
355,East London,ZA,2022-11-23 19:49:36,-33.0153,27.9116,71.26,83,8,23.71
356,Salvador,SV,2022-11-23 19:49:36,13.8333,-88.9167,84.24,52,32,0.98
357,Gamba,GA,2022-11-23 19:49:37,-2.65,10.0,77.74,85,15,4.12
358,Port Augusta,AU,2022-11-23 19:47:33,-32.5,137.7667,59.97,58,70,6.08
359,Tuatapere,NZ,2022-11-23 19:49:37,-46.1333,167.6833,45.7,91,100,8.93
360,Surok,RU,2022-11-23 19:49:38,56.4469,48.1214,25.23,96,100,7.29
361,Tasiilaq,GL,2022-11-23 19:50:38,65.6145,-37.6368,22.23,64,100,5.1
362,Prince George,CA,2022-11-23 19:50:38,53.9166,-122.753,35.04,93,0,11.5
363,Krasnoarmeyskiy,RU,2022-11-23 19:50:39,47.0114,42.2072,40.15,87,0,5.39
364,Erenhot,CN,2022-11-23 19:50:39,43.6475,111.9767,34.05,37,100,13.53
365,Portland,US,2022-11-23 19:49:22,45.5234,-122.6762,55.09,92,100,4.61
366,Ikongo,MG,2022-11-23 19:50:40,-21.8833,47.4333,68.32,98,100,2.19
367,Morondava,MG,2022-11-23 19:50:40,-20.2833,44.2833,77.77,69,1,5.32
368,Maldonado,UY,2022-11-23 19:50:40,-34.6667,-54.9167,81.79,41,4,5.32
369,Dalvik,IS,2022-11-23 19:49:48,65.9702,-18.5286,37.33,98,100,17.22
370,Yangjiang,CN,2022-11-23 19:48:53,21.85,111.9667,70.48,95,100,7.0
371,Sundern,DE,2022-11-23 19:50:41,51.3333,8.0,44.2,91,100,8.79
372,Shingu,JP,2022-11-23 19:50:41,33.7333,135.9833,53.78,79,38,5.21
373,Jamsa,FI,2022-11-23 19:50:41,61.8642,25.19,22.14,87,28,5.99
374,Christchurch,NZ,2022-11-23 19:50:12,-43.5333,172.6333,59.32,49,100,6.91
375,Omsukchan,RU,2022-11-23 19:50:42,62.5333,155.8,-17.43,97,100,5.28
376,Lavrentiya,RU,2022-11-23 19:50:42,65.5833,-171.0,11.8,79,50,7.34
377,Longonjo,AO,2022-11-23 19:50:43,-12.9067,15.2533,65.46,89,100,1.74
378,Pontianak,ID,2022-11-23 19:50:43,-0.0333,109.3333,75.18,94,40,2.3
379,Dingtao,CN,2022-11-23 19:50:43,35.0683,115.5625,49.48,84,0,6.51
380,Krasnoselkup,RU,2022-11-23 19:50:44,65.7,82.4667,-28.52,99,89,4.07
381,Bowen,AU,2022-11-23 19:50:44,-20.0167,148.2333,77.76,88,87,7.14
382,Bac Lieu,VN,2022-11-23 19:50:44,9.285,105.7244,78.6,87,100,8.52
383,Riyadh,SA,2022-11-23 19:50:45,24.6877,46.7219,68.14,22,37,8.99
384,Sobolevo,RU,2022-11-23 19:50:45,54.4299,31.8996,23.49,97,100,3.65
385,Belaya Gora,RU,2022-11-23 19:50:45,68.5333,146.4167,-30.06,100,99,2.93
386,Olafsvik,IS,2022-11-23 19:50:46,64.8945,-23.7142,39.0,74,75,40.82
387,Inirida,CO,2022-11-23 19:50:46,3.8653,-67.9239,83.93,75,100,0.92
388,Jiaojiang,CN,2022-11-23 19:50:46,28.6803,121.4428,61.0,83,93,3.87
389,Urumqi,CN,2022-11-23 19:50:47,43.801,87.6005,31.15,86,99,6.71
390,Adre,TD,2022-11-23 19:50:47,13.4667,22.2,72.72,26,70,8.61
391,Shushtar,IR,2022-11-23 19:50:48,32.0455,48.8567,70.95,34,97,1.5
392,Kenai,US,2022-11-23 19:50:48,60.5544,-151.2583,33.15,95,100,9.22
393,Biak,ID,2022-11-23 19:50:48,-0.9131,122.8766,75.79,80,100,1.99
394,Sao Filipe,CV,2022-11-23 19:50:49,14.8961,-24.4956,78.69,61,68,11.97
395,Arkhara,RU,2022-11-23 19:50:49,49.4212,130.0842,-4.25,99,35,2.62
396,Necochea,AR,2022-11-23 19:50:50,-38.5473,-58.7368,70.2,50,2,14.18
397,Greensburg,US,2022-11-23 19:50:50,40.3015,-79.5389,55.78,43,0,7.0
398,Vostok,RU,2022-11-23 19:50:50,46.4856,135.8833,8.53,95,21,1.99
399,Bila,BA,2022-11-23 19:50:51,43.7825,16.9253,38.98,91,100,4.94
400,Talnakh,RU,2022-11-23 19:50:51,69.4865,88.3972,-29.51,97,20,1.77
401,Santa Isabel Do Rio Negro,BR,2022-11-23 19:50:51,-0.4139,-65.0192,78.17,95,100,3.36
402,Korla,CN,2022-11-23 19:50:52,41.7597,86.1469,36.84,36,55,5.35
403,Zeya,RU,2022-11-23 19:50:52,53.75,127.2667,-11.79,100,92,3.56
404,Luganville,VU,2022-11-23 19:50:52,-15.5333,167.1667,82.36,74,16,4.32
405,Torit,SS,2022-11-23 19:50:53,4.4133,32.5678,74.98,68,22,2.55
406,Gat,IL,2022-11-23 19:50:53,31.61,34.7642,71.4,100,0,2.77
407,Mentougou,CN,2022-11-23 19:51:53,39.9392,116.0917,41.94,66,0,2.82
408,Ust-Omchug,RU,2022-11-23 19:51:54,61.15,149.6333,-8.19,98,100,6.08
409,Anchorage,US,2022-11-23 19:50:00,61.2181,-149.9003,31.93,95,100,5.75
410,Ghoti,IN,2022-11-23 19:51:54,19.7168,73.6245,65.28,36,55,6.53
411,Tahe,CN,2022-11-23 19:51:55,52.3333,124.7333,-8.48,97,19,3.53
412,Umm Kaddadah,SD,2022-11-23 19:51:55,13.6017,26.6876,74.14,25,96,13.73
413,North Platte,US,2022-11-23 19:51:55,41.1239,-100.7654,57.11,25,0,3.0
414,Naifaru,MV,2022-11-23 19:51:56,5.4444,73.3657,80.96,76,89,11.81
415,Graaff-Reinet,ZA,2022-11-23 19:51:56,-32.2522,24.5308,74.48,23,2,13.11
416,Bengbu,CN,2022-11-23 19:51:57,32.9408,117.3608,54.1,84,100,1.86
417,Mvomero,TZ,2022-11-23 19:51:57,-6.25,38.6667,74.43,92,52,3.56
418,Belmonte,BR,2022-11-23 19:51:57,-15.8631,-38.8828,77.92,77,94,7.61
419,Dutse,NG,2022-11-23 19:51:58,11.7594,9.3392,72.34,15,84,8.01
420,Jumla,NP,2022-11-23 19:51:59,29.2747,82.1838,39.67,44,0,4.65
421,Balkhash,KZ,2022-11-23 19:52:00,46.844,74.9804,25.93,67,100,13.67
422,Malpe,IN,2022-11-23 19:52:00,13.35,74.7167,78.1,85,100,4.61
423,Sassandra,CI,2022-11-23 19:52:01,4.95,-6.0833,78.22,85,34,5.41
424,Asau,RO,2022-11-23 19:52:01,46.4333,26.4,34.72,96,100,2.73
425,Yermakovskoye,RU,2022-11-23 19:52:02,53.2831,92.4003,7.34,59,100,17.96
426,Havelock,US,2022-11-23 19:52:02,34.8791,-76.9013,64.36,44,75,9.22
427,Bhadasar,IN,2022-11-23 19:52:03,28.2833,74.3167,64.02,18,13,5.19
428,Marly,FR,2022-11-23 19:52:03,50.3456,3.5496,48.22,95,18,15.43
429,Swan Hill,AU,2022-11-23 19:52:03,-35.3378,143.5544,53.13,85,0,4.97
430,Galveston,US,2022-11-23 19:52:04,29.3669,-94.9669,72.18,68,0,10.71
431,Vetluzhskiy,RU,2022-11-23 19:52:04,58.3902,45.4654,20.61,92,100,9.66
432,Malumfashi,NG,2022-11-23 19:52:05,11.7853,7.6218,69.55,16,9,8.37
433,Sychevka,RU,2022-11-23 19:52:05,55.8252,34.2736,26.13,97,100,6.15
434,Lukulu,ZM,2022-11-23 19:52:07,-14.3707,23.242,67.17,80,100,3.67
435,Marawi,PH,2022-11-23 19:52:07,7.9986,124.2928,67.96,92,42,2.37
436,Talas,TR,2022-11-23 19:52:08,38.6908,35.5538,41.67,75,40,4.61
437,Redcliffe,AU,2022-11-23 19:52:08,-27.2307,153.0973,70.32,59,0,0.0
438,Marang,MY,2022-11-23 19:52:09,5.2056,103.2059,79.9,63,85,2.86
439,Khani,GE,2022-11-23 19:52:09,41.9563,42.9566,47.77,55,93,7.02
440,Gweta,BW,2022-11-23 19:52:10,-20.1833,25.2333,86.36,28,34,3.27
441,Hobyo,SO,2022-11-23 19:52:10,5.3505,48.5268,79.74,71,0,11.5
442,Requena,ES,2022-11-23 19:52:11,39.4883,-1.1004,57.52,82,91,16.64
443,Rawson,AR,2022-11-23 19:50:52,-43.3002,-65.1023,82.27,26,20,27.29
444,Sambava,MG,2022-11-23 19:52:11,-14.2667,50.1667,72.84,89,8,7.25
445,Katherine,AU,2022-11-23 19:52:12,-14.4667,132.2667,77.32,88,100,0.0
446,Kieta,PG,2022-11-23 19:52:12,-6.2167,155.6333,78.96,81,38,0.65
447,Chino Valley,US,2022-11-23 19:52:13,34.7575,-112.4538,60.8,19,0,4.0
448,Minbu,MM,2022-11-23 19:52:13,20.1833,94.8833,69.85,73,35,4.29
449,Sawakin,SD,2022-11-23 19:52:14,19.1059,37.3321,83.48,68,17,4.92
450,Indian Head,US,2022-11-23 19:52:14,38.6001,-77.1622,64.56,26,0,8.05
451,Sol-Iletsk,RU,2022-11-23 19:53:15,51.1631,54.9918,36.19,97,100,11.92
452,Dentsville,US,2022-11-23 19:53:15,34.064,-80.9582,69.28,31,8,1.01
453,Raton,US,2022-11-23 19:53:15,36.9034,-104.4391,53.94,6,27,2.86
454,Gao,ML,2022-11-23 19:53:16,16.6362,1.637,76.26,14,94,12.68
455,Tuchkovo,RU,2022-11-23 19:53:16,55.6011,36.4681,30.0,95,100,4.81
456,Dunedin,NZ,2022-11-23 19:53:17,-45.8742,170.5036,49.8,74,94,1.99
457,Key West,US,2022-11-23 19:50:46,24.5557,-81.7826,89.6,72,40,6.91
458,Hovd,MN,2022-11-23 19:53:17,48.0056,91.6419,18.99,35,0,10.63
459,Biryusinsk,RU,2022-11-23 19:53:18,55.9634,97.8235,2.88,84,100,13.85
460,Ayorou,NE,2022-11-23 19:53:18,14.7308,0.9174,79.43,13,1,9.98
461,Muzaffarnagar,IN,2022-11-23 19:53:19,29.4667,77.6833,59.16,34,0,6.08
462,Domna,RU,2022-11-23 19:53:19,51.8971,113.1573,6.96,77,100,11.18
463,Adrar,MR,2022-11-23 19:53:19,20.5022,-10.0711,69.85,13,4,9.91
464,Lata,PT,2022-11-23 19:53:20,40.1629,-8.3327,57.07,91,70,2.55
465,Channel-Port Aux Basques,CA,2022-11-23 19:53:20,47.5702,-59.1367,32.86,64,100,29.35
466,Ponta Delgada,PT,2022-11-23 19:53:21,37.7333,-25.6667,61.52,82,40,20.71
467,Itarema,BR,2022-11-23 19:53:21,-2.9248,-39.9167,81.3,64,19,17.16
468,Teguise,ES,2022-11-23 19:53:21,29.0605,-13.564,66.42,78,75,14.97
469,Quelimane,MZ,2022-11-23 19:53:22,-17.8786,36.8883,78.75,83,40,8.05
470,Villa Bruzual,VE,2022-11-23 19:53:22,9.3328,-69.1208,87.6,52,44,3.78
471,Iquique,CL,2022-11-23 19:53:23,-20.2208,-70.1431,73.44,64,100,4.65
472,Tshikapa,CD,2022-11-23 19:53:23,-6.4167,20.8,70.25,94,88,1.32
473,Tabora,TZ,2022-11-23 19:53:24,-5.0167,32.8,66.61,89,63,1.1
474,Paso De Carrasco,UY,2022-11-23 19:53:24,-34.8603,-56.0522,82.85,38,0,10.36
475,Nazas,MX,2022-11-23 19:53:25,25.2333,-104.1333,81.55,15,13,7.52
476,Katsuura,JP,2022-11-23 19:53:25,35.1333,140.3,59.38,76,47,12.97
477,Boguchany,RU,2022-11-23 19:53:26,58.3814,97.4531,-2.04,86,100,10.87
478,Esso,RU,2022-11-23 19:53:26,55.9333,158.7,15.96,94,68,5.59
479,Salekhard,RU,2022-11-23 19:53:16,66.53,66.6019,-5.42,92,39,3.4
480,Tarrafal,CV,2022-11-23 19:53:27,15.2833,-23.7667,79.59,68,40,16.69
481,Varna,BG,2022-11-23 19:53:27,43.2167,27.9167,56.44,96,100,4.61
482,San Jose,US,2022-11-23 19:51:37,37.3394,-121.895,69.67,44,75,5.99
483,Haines Junction,CA,2022-11-23 19:53:28,60.7522,-137.5108,17.55,93,100,0.0
484,Clyde River,CA,2022-11-23 19:53:28,70.4692,-68.5914,-1.97,60,75,4.61
485,Buala,SB,2022-11-23 19:53:29,-8.145,159.5921,81.39,77,41,5.57
486,Chernyshevskiy,RU,2022-11-23 19:53:29,63.0128,112.4714,-29.78,100,97,2.57
487,Mandalgovi,MN,2022-11-23 19:53:30,45.7625,106.2708,23.65,59,0,12.62
488,Codrington,AU,2022-11-23 19:53:30,-38.2667,141.9667,51.37,85,53,7.05
489,Dubova,RO,2022-11-23 19:53:30,44.6167,22.2667,46.36,96,96,1.59
490,Tunkas,MX,2022-11-23 19:53:31,20.9,-88.75,92.01,38,51,3.65
491,Scarborough,GB,2022-11-23 19:52:05,54.2797,-0.4044,44.17,87,11,14.0
492,Mwinilunga,ZM,2022-11-23 19:53:31,-11.7358,24.4293,61.65,91,83,2.13
493,Vilhena,BR,2022-11-23 19:53:32,-12.7406,-60.1458,80.82,69,75,10.36
494,Asosa,ET,2022-11-23 19:53:32,10.0667,34.5333,65.75,45,6,3.85
495,Douentza,ML,2022-11-23 19:53:32,14.9951,-2.9517,79.84,12,64,6.49
496,Kendari,ID,2022-11-23 19:53:33,-3.945,122.4989,75.38,93,100,2.21
497,Burnie,AU,2022-11-23 19:54:33,-41.0667,145.9167,53.94,76,100,11.03
498,Petatlan,MX,2022-11-23 19:54:34,17.5167,-101.2667,87.37,58,0,6.76
499,Polyarnyye Zori,RU,2022-11-23 19:54:34,67.3661,32.4981,23.56,97,100,2.35
500,Shirakawa,JP,2022-11-23 19:54:34,37.1223,140.2376,49.95,89,97,9.19
501,Ixtapa,MX,2022-11-23 19:54:35,20.7,-105.2,86.36,53,43,5.73
502,Conde,BR,2022-11-23 19:54:35,-7.2597,-34.9075,83.66,61,20,11.5
503,Ha Tinh,VN,2022-11-23 19:49:57,18.3333,105.9,73.76,96,100,3.76
504,Antofagasta,CL,2022-11-23 19:54:36,-23.65,-70.4,69.08,66,5,7.83
505,Kysyl-Syr,RU,2022-11-23 19:54:36,63.8986,122.7617,-28.55,100,92,0.74
506,Koslan,RU,2022-11-23 19:54:37,63.4564,48.8989,-2.69,100,73,3.0
507,Khandbari,NP,2022-11-23 19:54:37,27.3747,87.2039,54.79,75,1,2.84
508,Sao Geraldo Do Araguaia,BR,2022-11-23 19:54:37,-6.4006,-48.555,86.38,61,99,1.41
509,San Quintin,MX,2022-11-23 19:54:38,30.4833,-115.95,66.96,43,0,9.6
510,Qaqortoq,GL,2022-11-23 19:54:38,60.7167,-46.0333,30.16,67,100,11.39
511,Acapulco,MX,2022-11-23 19:53:10,16.8634,-99.8901,84.58,66,83,7.49
512,Auki,SB,2022-11-23 19:54:38,-8.7676,160.7034,78.85,83,86,3.89
513,Ugoofaaru,MV,2022-11-23 19:54:39,5.6667,73.0,81.1,76,91,12.64
514,Gobabis,NA,2022-11-23 19:54:39,-22.45,18.9667,84.18,17,100,10.36
515,Isangel,VU,2022-11-23 19:54:39,-19.55,169.2667,80.83,79,8,4.03
516,Lasa,IT,2022-11-23 19:54:40,46.6166,10.7002,36.48,78,94,6.76
517,Luwuk,ID,2022-11-23 19:54:40,-0.9516,122.7875,76.64,81,100,2.84
518,Nador,MA,2022-11-23 19:53:49,35.174,-2.9287,66.45,82,0,13.8
519,Terney,RU,2022-11-23 19:54:40,45.0503,136.6092,28.11,60,41,7.4
520,Umiray,PH,2022-11-23 19:54:41,15.2206,121.4111,78.71,88,99,7.78
521,Vyartsilya,RU,2022-11-23 19:54:41,62.1764,30.693,17.62,100,14,6.31
